filename,width,height,class,xmin,ymin,xmax,ymax
01df013e44a31995a4ef4777a8afa773.jpg,1440,1080,Optic-Disc,185,384,353,570
01df013e44a31995a4ef4777a8afa773.jpg,1440,1080,Venules,345,131,1044,275
01df013e44a31995a4ef4777a8afa773.jpg,1440,1080,Hemorrhages,571,449,760,662
01df013e44a31995a4ef4777a8afa773.jpg,1440,1080,Venules,305,610,1113,913
01df013e44a31995a4ef4777a8afa773.jpg,1440,1080,Microaneurysms,979,422,1106,560
0343a57d5ab9670ce9bebdec48b37919.jpg,1440,1080,Optic-Disc,258,385,410,531
0343a57d5ab9670ce9bebdec48b37919.jpg,1440,1080,Exudates,536,131,719,272
0343a57d5ab9670ce9bebdec48b37919.jpg,1440,1080,Exudates,658,279,769,472
0343a57d5ab9670ce9bebdec48b37919.jpg,1440,1080,Exudates,471,419,692,547
0343a57d5ab9670ce9bebdec48b37919.jpg,1440,1080,Hemorrhages,509,293,614,399
0343a57d5ab9670ce9bebdec48b37919.jpg,1440,1080,Venules,560,786,946,899
04c240c442b4c7fcf51c52b757beaed8.jpg,1440,1080,Optic-Disc,532,458,719,653
04c240c442b4c7fcf51c52b757beaed8.jpg,1440,1080,Hemorrhages,927,583,1119,704
04c240c442b4c7fcf51c52b757beaed8.jpg,1440,1080,Venules,451,122,1076,422
04c240c442b4c7fcf51c52b757beaed8.jpg,1440,1080,Venules,476,693,653,933
05d13a6f175d51dda60f48695e7d3078.jpg,1440,1080,Hemorrhages,277,519,528,757
05d13a6f175d51dda60f48695e7d3078.jpg,1440,1080,Optic-Disc,857,530,992,694
05d13a6f175d51dda60f48695e7d3078.jpg,1440,1080,Microaneurysms,746,734,834,816
05d13a6f175d51dda60f48695e7d3078.jpg,1440,1080,Venules,405,199,713,271
05d13a6f175d51dda60f48695e7d3078.jpg,1440,1080,Microaneurysms,1062,769,1141,827
05d13a6f175d51dda60f48695e7d3078.jpg,1440,1080,Exudates,576,717,651,810
07e08a88e103b00614141fed77a3c0a0.jpg,1440,1080,Optic-Disc,189,398,360,602
07e08a88e103b00614141fed77a3c0a0.jpg,1440,1080,Venules,412,671,981,830
07e08a88e103b00614141fed77a3c0a0.jpg,1440,1080,Exudates,621,199,700,301
07e08a88e103b00614141fed77a3c0a0.jpg,1440,1080,Venules,348,90,625,203
07e08a88e103b00614141fed77a3c0a0.jpg,1440,1080,Hemorrhages,619,451,773,603
082b3c0f6430606e9677bfe450a0f3dd.jpg,1440,1080,Optic-Disc,249,427,409,595
082b3c0f6430606e9677bfe450a0f3dd.jpg,1440,1080,Venules,436,122,905,274
082b3c0f6430606e9677bfe450a0f3dd.jpg,1440,1080,Hemorrhages,582,438,814,627
0953fb3c93219b555b4ededa519f035f.jpg,1440,1080,Optic-Disc,539,313,704,492
0953fb3c93219b555b4ededa519f035f.jpg,1440,1080,Exudates,327,426,401,506
0953fb3c93219b555b4ededa519f035f.jpg,1440,1080,Exudates,1040,326,1121,417
0953fb3c93219b555b4ededa519f035f.jpg,1440,1080,Exudates,966,193,1034,261
0953fb3c93219b555b4ededa519f035f.jpg,1440,1080,Venules,748,554,940,742
0953fb3c93219b555b4ededa519f035f.jpg,1440,1080,Microaneurysms,378,854,435,907
0953fb3c93219b555b4ededa519f035f.jpg,1440,1080,Microaneurysms,721,772,782,819
0e5ddd08a32a0750abaa6e50755bae10.jpg,1440,1080,Optic-Disc,798,604,980,797
0e5ddd08a32a0750abaa6e50755bae10.jpg,1440,1080,Hemorrhages,417,686,535,775
0e5ddd08a32a0750abaa6e50755bae10.jpg,1440,1080,Venules,525,221,839,375
0e5ddd08a32a0750abaa6e50755bae10.jpg,1440,1080,Microaneurysms,925,236,995,326
0e5ddd08a32a0750abaa6e50755bae10.jpg,1440,1080,Venules,810,419,934,585
0e5ddd08a32a0750abaa6e50755bae10.jpg,1440,1080,Arterioles,295,439,566,603
0e5ddd08a32a0750abaa6e50755bae10.jpg,1440,1080,Exudates,639,1035,696,1070
0e5ddd08a32a0750abaa6e50755bae10.jpg,1440,1080,Microaneurysms,734,1021,794,1057
0f62d7e5b8fb03d527f050f4d7e5778f.jpg,1440,1080,Hemorrhages,662,440,827,626
0f62d7e5b8fb03d527f050f4d7e5778f.jpg,1440,1080,Optic-Disc,1118,403,1257,581
0f62d7e5b8fb03d527f050f4d7e5778f.jpg,1440,1080,Venules,676,61,1022,236
0f62d7e5b8fb03d527f050f4d7e5778f.jpg,1440,1080,Venules,637,876,1055,986
0f62d7e5b8fb03d527f050f4d7e5778f.jpg,1440,1080,Microaneurysms,490,633,575,733
12ef5cb9302c6fbfe521e5a928a5bc5c.jpg,1440,1080,Hemorrhages,719,452,849,598
12ef5cb9302c6fbfe521e5a928a5bc5c.jpg,1440,1080,Optic-Disc,1110,389,1250,598
12ef5cb9302c6fbfe521e5a928a5bc5c.jpg,1440,1080,Venules,466,715,1160,822
12ef5cb9302c6fbfe521e5a928a5bc5c.jpg,1440,1080,Venules,571,81,1014,248
1457590811000_9_20160310_100429.jpg,2560,1920,Optic-Disc,461,645,831,1020
1457590811000_9_20160310_100429.jpg,2560,1920,Venules,652,1155,931,1862
1457590811000_9_20160310_100429.jpg,2560,1920,Venules,524,64,812,578
1457590811000_9_20160310_100429.jpg,2560,1920,Hemorrhages,1349,801,1673,1078
1457600619000_18_20160310_110618.jpg,2560,1920,Optic-Disc,1900,573,2291,1011
1457600619000_18_20160310_110618.jpg,2560,1920,Venules,1089,1185,1735,1466
1457600619000_18_20160310_110618.jpg,2560,1920,Venules,2093,1085,2186,1431
1457600619000_18_20160310_110618.jpg,2560,1920,Exudates,1124,420,1242,718
1457602160000_WobS6i9wfysz5fciC-20160310-173132493.jpg,1440,1080,Optic-Disc,171,386,371,611
1457602160000_WobS6i9wfysz5fciC-20160310-173132493.jpg,1440,1080,V,196,647,521,961
1457602160000_WobS6i9wfysz5fciC-20160310-173132493.jpg,1440,1080,Venules,358,38,567,201
1457689609000_28_20160311_155020.jpg,2560,1920,Optic-Disc,1228,820,1540,1225
1457689609000_28_20160311_155020.jpg,2560,1920,Hemorrhages,377,852,989,1320
1457689609000_28_20160311_155020.jpg,2560,1920,Venules,668,157,1403,715
1457689609000_28_20160311_155020.jpg,2560,1920,Venules,1096,1322,1379,1864
1457689609000_28_20160311_155020.jpg,2560,1920,Venules,1645,1273,1949,1625
1457690164000_35_20160311_161930.jpg,2560,1920,Optic-Disc,1177,950,1466,1322
1457690164000_35_20160311_161930.jpg,2560,1920,Venules,1454,1411,1663,1894
1457690164000_35_20160311_161930.jpg,2560,1920,Venules,1259,229,1561,848
1457690164000_35_20160311_161930.jpg,2560,1920,Hemorrhages,1577,1108,1877,1318
1457690554000_27_20160311_154559.jpg,2560,1920,Hemorrhages,1149,738,1442,1155
1457690554000_27_20160311_154559.jpg,2560,1920,Optic-Disc,2063,671,2366,1122
1457690554000_27_20160311_154559.jpg,2560,1920,Venules,1089,1273,1877,1876
1457690554000_27_20160311_154559.jpg,2560,1920,Venules,1882,29,2256,601
1457690719000_26_20160311_154330.jpg,2560,1920,Optic-Disc,279,718,603,1055
1457690719000_26_20160311_154330.jpg,2560,1920,Hemorrhages,1084,762,1452,1178
1457690719000_26_20160311_154330.jpg,2560,1920,Venules,526,1141,1031,1692
1457690719000_26_20160311_154330.jpg,2560,1920,Venules,359,315,475,699
1457741965000_45_20160312_081627.jpg,2560,1920,Optic-Disc,198,752,535,1118
1457741965000_45_20160312_081627.jpg,2560,1920,Hemorrhages,1045,762,1431,1171
1457741965000_45_20160312_081627.jpg,2560,1920,Venules,375,159,628,683
1457741965000_45_20160312_081627.jpg,2560,1920,Venules,782,85,1468,283
1457743102000_WobS6i9wfysz5fciC-20160312-084023621.jpg,1440,1080,Hemorrhages,603,434,786,627
1457743102000_WobS6i9wfysz5fciC-20160312-084023621.jpg,1440,1080,Optic-Disc,130,313,289,511
1457743102000_WobS6i9wfysz5fciC-20160312-084023621.jpg,1440,1080,Venules,246,651,546,1016
1457743102000_WobS6i9wfysz5fciC-20160312-084023621.jpg,1440,1080,Venules,263,35,407,269
1457743102000_WobS6i9wfysz5fciC-20160312-084023621.jpg,1440,1080,Arterioles,978,220,1257,501
1457744047000_WobS6i9wfysz5fciC-20160312-085543750.jpg,1440,1080,Optic-Disc,1128,393,1317,611
1457744047000_WobS6i9wfysz5fciC-20160312-085543750.jpg,1440,1080,Venules,622,70,1148,347
1457744047000_WobS6i9wfysz5fciC-20160312-085543750.jpg,1440,1080,Hemorrhages,637,421,817,647
1457744047000_WobS6i9wfysz5fciC-20160312-085543750.jpg,1440,1080,Venules,890,657,1148,981
1457831428000_WobS6i9wfysz5fciC-20160313-091309358.jpg,1440,1080,Optic-Disc,118,353,273,560
1457831428000_WobS6i9wfysz5fciC-20160313-091309358.jpg,1440,1080,Hemorrhages,657,460,800,638
1457831428000_WobS6i9wfysz5fciC-20160313-091309358.jpg,1440,1080,Venules,208,595,300,875
1457831428000_WobS6i9wfysz5fciC-20160313-091309358.jpg,1440,1080,Venules,246,65,466,298
1457831428000_WobS6i9wfysz5fciC-20160313-091309358.jpg,1440,1080,Arterioles,676,690,1068,910
1457835511000_WobS6i9wfysz5fciC-20160313-101559851.jpg,1440,1080,Exudates,521,119,653,267
1457835511000_WobS6i9wfysz5fciC-20160313-101559851.jpg,1440,1080,Optic-Disc,1218,448,1357,688
1457835511000_WobS6i9wfysz5fciC-20160313-101559851.jpg,1440,1080,Hemorrhages,642,434,842,684
1457835511000_WobS6i9wfysz5fciC-20160313-101559851.jpg,1440,1080,Exudates,880,110,925,149
1457835511000_WobS6i9wfysz5fciC-20160313-101559851.jpg,1440,1080,Microaneurysms,342,561,394,620
1457917370000_WobS6i9wfysz5fciC-20160314-090554392.jpg,1440,1080,Optic-Disc,1150,353,1341,615
1457917370000_WobS6i9wfysz5fciC-20160314-090554392.jpg,1440,1080,Hemorrhages,655,443,848,656
1457917370000_WobS6i9wfysz5fciC-20160314-090554392.jpg,1440,1080,Venules,1087,799,1244,938
1457917370000_WobS6i9wfysz5fciC-20160314-090554392.jpg,1440,1080,Venules,1182,139,1245,342
1457918584000_WobS6i9wfysz5fciC-20160314-092545054.jpg,1440,1080,Optic-Disc,1112,319,1316,577
1457918584000_WobS6i9wfysz5fciC-20160314-092545054.jpg,1440,1080,Venules,707,674,1051,957
1457918584000_WobS6i9wfysz5fciC-20160314-092545054.jpg,1440,1080,Hemorrhages,619,404,795,624
1457918584000_WobS6i9wfysz5fciC-20160314-092545054.jpg,1440,1080,Venules,1055,43,1187,244
1457918788000_WobS6i9wfysz5fciC-20160314-092849688.jpg,1440,1080,Optic-Disc,130,307,337,551
1457918788000_WobS6i9wfysz5fciC-20160314-092849688.jpg,1440,1080,Venules,285,624,495,824
1457918788000_WobS6i9wfysz5fciC-20160314-092849688.jpg,1440,1080,Hemorrhages,621,434,818,649
1457920417000_WobS6i9wfysz5fciC-20160314-095622855.jpg,1440,1080,Optic-Disc,432,249,619,460
1457920417000_WobS6i9wfysz5fciC-20160314-095622855.jpg,1440,1080,Venules,513,497,653,865
1457920417000_WobS6i9wfysz5fciC-20160314-095622855.jpg,1440,1080,Exudates,1131,438,1235,590
1457920417000_WobS6i9wfysz5fciC-20160314-095622855.jpg,1440,1080,Exudates,1135,679,1250,904
1457920417000_WobS6i9wfysz5fciC-20160314-095622855.jpg,1440,1080,Exudates,1196,261,1351,451
1458035451000_269_20160315_165453.jpg,2560,1920,Optic-Disc,205,738,582,1143
1458035451000_269_20160315_165453.jpg,2560,1920,Hemorrhages,1110,890,1403,1215
1458035451000_269_20160315_165453.jpg,2560,1920,Venules,410,1220,754,1715
1458035451000_269_20160315_165453.jpg,2560,1920,Venules,321,255,445,669
1458035451000_269_20160315_165453.jpg,2560,1920,Venules,719,101,1738,236
1458037222000_258_20160315_155813.jpg,2560,1920,Hemorrhages,1098,797,1517,1169
1458037222000_258_20160315_155813.jpg,2560,1920,Optic-Disc,1998,576,2400,1083
1458037222000_258_20160315_155813.jpg,2560,1920,Venules,1482,118,2117,504
1458037222000_258_20160315_155813.jpg,2560,1920,Venules,1670,1227,2089,1778
1458037639000_246_20160315_150122.jpg,2560,1920,Optic-Disc,2049,655,2410,1143
1458037639000_246_20160315_150122.jpg,2560,1920,Venules,1463,85,2049,569
1458037639000_246_20160315_150122.jpg,2560,1920,Hemorrhages,1124,915,1445,1204
1458037639000_246_20160315_150122.jpg,2560,1920,Venules,707,1729,1933,1887
1458037650000_246_20160315_150149.jpg,2560,1920,Optic-Disc,493,829,868,1283
1458037650000_246_20160315_150149.jpg,2560,1920,Venules,921,162,1400,692
1458037650000_246_20160315_150149.jpg,2560,1920,Venules,699,1371,1066,1855
1458037650000_246_20160315_150149.jpg,2560,1920,Hemorrhages,1373,848,1714,1278
1458096987000_WobS6i9wfysz5fciC-20160316-105923908.jpg,1440,1080,Optic-Disc,1149,396,1295,591
1458096987000_WobS6i9wfysz5fciC-20160316-105923908.jpg,1440,1080,Venules,1128,213,1217,370
1458096987000_WobS6i9wfysz5fciC-20160316-105923908.jpg,1440,1080,Exudates,1064,69,1149,158
1458096987000_WobS6i9wfysz5fciC-20160316-105923908.jpg,1440,1080,Hemorrhages,642,440,821,658
1458096987000_WobS6i9wfysz5fciC-20160316-105923908.jpg,1440,1080,Venules,1028,690,1150,1003
1458176678000_WobS6i9wfysz5fciC-20160317-090559477.jpg,1440,1080,Optic-Disc,1121,384,1300,627
1458176678000_WobS6i9wfysz5fciC-20160317-090559477.jpg,1440,1080,Exudates,418,238,478,331
1458176678000_WobS6i9wfysz5fciC-20160317-090559477.jpg,1440,1080,Exudates,1054,160,1117,266
1458176678000_WobS6i9wfysz5fciC-20160317-090559477.jpg,1440,1080,Hemorrhages,641,494,789,670
1458176678000_WobS6i9wfysz5fciC-20160317-090559477.jpg,1440,1080,Venules,640,19,894,162
1458176678000_WobS6i9wfysz5fciC-20160317-090559477.jpg,1440,1080,Venules,749,789,1034,1033
1458176678000_WobS6i9wfysz5fciC-20160317-090559477.jpg,1440,1080,Microaneurysms,209,840,335,930
1458264296000_WobS6i9wfysz5fciC-20160318-092626501.jpg,1440,1080,Optic-Disc,1141,520,1316,725
1458264296000_WobS6i9wfysz5fciC-20160318-092626501.jpg,1440,1080,Venules,891,101,1209,408
1458264296000_WobS6i9wfysz5fciC-20160318-092626501.jpg,1440,1080,Venules,901,804,1173,1036
1458264296000_WobS6i9wfysz5fciC-20160318-092626501.jpg,1440,1080,Hemorrhages,680,595,796,748
1458264297000_WobS6i9wfysz5fciC-20160318-092713652.jpg,1440,1080,Optic-Disc,173,394,345,612
1458264297000_WobS6i9wfysz5fciC-20160318-092713652.jpg,1440,1080,Venules,226,652,360,975
1458264297000_WobS6i9wfysz5fciC-20160318-092713652.jpg,1440,1080,Venules,216,156,521,241
1458264297000_WobS6i9wfysz5fciC-20160318-092713652.jpg,1440,1080,Arterioles,622,710,1040,972
1458264297000_WobS6i9wfysz5fciC-20160318-092713652.jpg,1440,1080,Hemorrhages,595,457,863,639
1458264740000_WobS6i9wfysz5fciC-20160318-093030464.jpg,1440,1080,Optic-Disc,190,333,373,529
1458264740000_WobS6i9wfysz5fciC-20160318-093030464.jpg,1440,1080,Hemorrhages,508,445,678,639
1458264740000_WobS6i9wfysz5fciC-20160318-093030464.jpg,1440,1080,Venules,185,585,258,902
1458264740000_WobS6i9wfysz5fciC-20160318-093030464.jpg,1440,1080,Venules,284,104,562,235
1458292776000_WobS6i9wfysz5fciC-20160318-172142982.jpg,1440,1080,Optic-Disc,120,399,292,616
1458292776000_WobS6i9wfysz5fciC-20160318-172142982.jpg,1440,1080,Venules,307,133,701,266
1458292776000_WobS6i9wfysz5fciC-20160318-172142982.jpg,1440,1080,Hemorrhages,659,544,800,699
1458292776000_WobS6i9wfysz5fciC-20160318-172142982.jpg,1440,1080,Venules,199,706,467,944
1458292776000_WobS6i9wfysz5fciC-20160318-172142982.jpg,1440,1080,Arterioles,846,215,1176,492
1458701480000_296_20160316_101107.jpg,2560,1920,Optic-Disc,2031,720,2345,1143
1458701480000_296_20160316_101107.jpg,2560,1920,Exudates,1821,720,1991,1104
1458701480000_296_20160316_101107.jpg,2560,1920,Hemorrhages,1107,892,1428,1183
1458701480000_296_20160316_101107.jpg,2560,1920,Venules,1138,73,2114,536
1458701480000_296_20160316_101107.jpg,2560,1920,Venules,963,1320,1877,1780
1458705032000_14_20160310_103658.jpg,2560,1920,Optic-Disc,1198,631,1535,1080
1458705032000_14_20160310_103658.jpg,2560,1920,Venules,717,122,1254,583
1458705032000_14_20160310_103658.jpg,2560,1920,Hemorrhages,382,831,579,1111
1458705032000_14_20160310_103658.jpg,2560,1920,Venules,793,1245,1128,1808
1460428228000_EXSc8TM5YD7wdnp4W-20160412-103042325.jpg,1440,1080,Optic-Disc,1175,386,1317,538
1460428228000_EXSc8TM5YD7wdnp4W-20160412-103042325.jpg,1440,1080,Venules,654,25,1128,306
1460428228000_EXSc8TM5YD7wdnp4W-20160412-103042325.jpg,1440,1080,Venules,444,793,980,1048
1460428228000_EXSc8TM5YD7wdnp4W-20160412-103042325.jpg,1440,1080,Hemorrhages,649,460,767,575
1460428228000_EXSc8TM5YD7wdnp4W-20160412-103042325.jpg,1440,1080,Arterioles,214,457,530,731
1460444199000_EXSc8TM5YD7wdnp4W-20160412-145745702.jpg,1440,1080,Optic-Disc,135,338,309,553
1460444199000_EXSc8TM5YD7wdnp4W-20160412-145745702.jpg,1440,1080,Venules,144,620,287,844
1460444199000_EXSc8TM5YD7wdnp4W-20160412-145745702.jpg,1440,1080,Venules,222,86,475,281
1460444199000_EXSc8TM5YD7wdnp4W-20160412-145745702.jpg,1440,1080,Exudates,612,154,722,251
1460444199000_EXSc8TM5YD7wdnp4W-20160412-145745702.jpg,1440,1080,Exudates,960,358,1048,479
1460444199000_EXSc8TM5YD7wdnp4W-20160412-145745702.jpg,1440,1080,Hemorrhages,630,463,804,638
1460444199000_EXSc8TM5YD7wdnp4W-20160412-145745702.jpg,1440,1080,Exudates,836,702,901,788
1460444199000_EXSc8TM5YD7wdnp4W-20160412-145745702.jpg,1440,1080,Microaneurysms,1069,335,1222,447
1460532785000_EXSc8TM5YD7wdnp4W-20160413-153633999.jpg,1440,1080,Optic-Disc,190,284,407,529
1460532785000_EXSc8TM5YD7wdnp4W-20160413-153633999.jpg,1440,1080,Exudates,592,389,834,608
1460532785000_EXSc8TM5YD7wdnp4W-20160413-153633999.jpg,1440,1080,Exudates,921,422,1098,730
1460532785000_EXSc8TM5YD7wdnp4W-20160413-153633999.jpg,1440,1080,Microaneurysms,792,753,978,880
1460532785000_EXSc8TM5YD7wdnp4W-20160413-153633999.jpg,1440,1080,Microaneurysms,277,731,368,858
1460532785000_EXSc8TM5YD7wdnp4W-20160413-153633999.jpg,1440,1080,Microaneurysms,563,290,675,379
1460532785000_EXSc8TM5YD7wdnp4W-20160413-153633999.jpg,1440,1080,Exudates,1128,503,1268,661
1460532786000_EXSc8TM5YD7wdnp4W-20160413-153513579.jpg,1440,1080,Optic-Disc,1109,286,1307,576
1460532786000_EXSc8TM5YD7wdnp4W-20160413-153513579.jpg,1440,1080,Venules,586,31,1069,207
1460532786000_EXSc8TM5YD7wdnp4W-20160413-153513579.jpg,1440,1080,Exudates,641,424,796,492
1460532786000_EXSc8TM5YD7wdnp4W-20160413-153513579.jpg,1440,1080,Exudates,819,234,978,404
1460532786000_EXSc8TM5YD7wdnp4W-20160413-153513579.jpg,1440,1080,Venules,564,761,963,803
1460532786000_EXSc8TM5YD7wdnp4W-20160413-153513579.jpg,1440,1080,Microaneurysms,834,830,980,952
1460533673000_EXSc8TM5YD7wdnp4W-20160413-155011400.jpg,1440,1080,Optic-Disc,282,527,494,754
1460533673000_EXSc8TM5YD7wdnp4W-20160413-155011400.jpg,1440,1080,Hemorrhages,686,684,839,908
1460533673000_EXSc8TM5YD7wdnp4W-20160413-155011400.jpg,1440,1080,Exudates,525,166,592,247
1460533673000_EXSc8TM5YD7wdnp4W-20160413-155011400.jpg,1440,1080,Venules,363,313,918,419
1460533673000_EXSc8TM5YD7wdnp4W-20160413-155011400.jpg,1440,1080,Venules,390,810,594,1042
1460537313000_EXSc8TM5YD7wdnp4W-20160413-165156126.jpg,1440,1080,Optic-Disc,1122,367,1292,580
1460537313000_EXSc8TM5YD7wdnp4W-20160413-165156126.jpg,1440,1080,Venules,635,38,1117,288
1460537313000_EXSc8TM5YD7wdnp4W-20160413-165156126.jpg,1440,1080,Venules,455,834,870,1063
1460537313000_EXSc8TM5YD7wdnp4W-20160413-165156126.jpg,1440,1080,Hemorrhages,690,445,872,665
1460537316000_EXSc8TM5YD7wdnp4W-20160413-165117124.jpg,1440,1080,Optic-Disc,157,445,349,636
1460537316000_EXSc8TM5YD7wdnp4W-20160413-165117124.jpg,1440,1080,Venules,232,121,375,395
1460537316000_EXSc8TM5YD7wdnp4W-20160413-165117124.jpg,1440,1080,Venules,294,702,627,1021
1460537316000_EXSc8TM5YD7wdnp4W-20160413-165117124.jpg,1440,1080,Hemorrhages,634,460,860,665
1460595234000_EXSc8TM5YD7wdnp4W-20160414-085443841.jpg,1440,1080,Exudates,305,262,477,611
1460595234000_EXSc8TM5YD7wdnp4W-20160414-085443841.jpg,1440,1080,Exudates,451,163,640,266
1460595234000_EXSc8TM5YD7wdnp4W-20160414-085443841.jpg,1440,1080,Exudates,699,477,750,547
1460595234000_EXSc8TM5YD7wdnp4W-20160414-085443841.jpg,1440,1080,Optic-Disc,1158,295,1367,579
1460595234000_EXSc8TM5YD7wdnp4W-20160414-085443841.jpg,1440,1080,Venules,512,849,964,967
1460615650000_EXSc8TM5YD7wdnp4W-20160414-143748030.jpg,1440,1080,Optic-Disc,1141,383,1355,724
1460615650000_EXSc8TM5YD7wdnp4W-20160414-143748030.jpg,1440,1080,Venules,930,803,1099,1071
1460615650000_EXSc8TM5YD7wdnp4W-20160414-143748030.jpg,1440,1080,Venules,1129,103,1252,372
1460615650000_EXSc8TM5YD7wdnp4W-20160414-143748030.jpg,1440,1080,Arterioles,305,458,675,815
1460682390000_EXSc8TM5YD7wdnp4W-20160415-090956876.jpg,1440,1080,Optic-Disc,1152,407,1303,631
1460682390000_EXSc8TM5YD7wdnp4W-20160415-090956876.jpg,1440,1080,Venules,1041,94,1194,331
1460682390000_EXSc8TM5YD7wdnp4W-20160415-090956876.jpg,1440,1080,Hemorrhages,786,549,963,817
1460682390000_EXSc8TM5YD7wdnp4W-20160415-090956876.jpg,1440,1080,Exudates,575,343,684,474
1460682390000_EXSc8TM5YD7wdnp4W-20160415-090956876.jpg,1440,1080,Exudates,391,503,493,718
1460682390000_EXSc8TM5YD7wdnp4W-20160415-090956876.jpg,1440,1080,Exudates,415,278,485,455
1460682390000_EXSc8TM5YD7wdnp4W-20160415-090956876.jpg,1440,1080,Exudates,204,624,366,801
1460687369000_EXSc8TM5YD7wdnp4W-20160415-103301831.jpg,1440,1080,Optic-Disc,1167,404,1323,640
1460687369000_EXSc8TM5YD7wdnp4W-20160415-103301831.jpg,1440,1080,Venules,1093,655,1263,933
1460687369000_EXSc8TM5YD7wdnp4W-20160415-103301831.jpg,1440,1080,Venules,627,60,1099,242
1460687369000_EXSc8TM5YD7wdnp4W-20160415-103301831.jpg,1440,1080,Hemorrhages,589,394,907,652
1460688405000_EXSc8TM5YD7wdnp4W-20160415-104904847.jpg,1440,1080,Optic-Disc,1180,391,1359,705
1460688405000_EXSc8TM5YD7wdnp4W-20160415-104904847.jpg,1440,1080,Venules,722,45,1114,321
1460688405000_EXSc8TM5YD7wdnp4W-20160415-104904847.jpg,1440,1080,Venules,839,754,1132,981
1460688577000_EXSc8TM5YD7wdnp4W-20160415-105237875.jpg,1440,1080,Optic-Disc,154,354,366,616
1460688577000_EXSc8TM5YD7wdnp4W-20160415-105237875.jpg,1440,1080,Venules,195,674,464,999
1460688577000_EXSc8TM5YD7wdnp4W-20160415-105237875.jpg,1440,1080,Venules,371,43,869,222
1460688577000_EXSc8TM5YD7wdnp4W-20160415-105237875.jpg,1440,1080,Hemorrhages,646,536,819,684
1460688577000_EXSc8TM5YD7wdnp4W-20160415-105237875.jpg,1440,1080,Arterioles,796,289,1204,529
1460688577000_EXSc8TM5YD7wdnp4W-20160415-105237875.jpg,1440,1080,Arterioles,664,767,1073,971
1460689434000_EXSc8TM5YD7wdnp4W-20160415-110700586.jpg,1440,1080,Optic-Disc,126,283,304,533
1460689434000_EXSc8TM5YD7wdnp4W-20160415-110700586.jpg,1440,1080,Venules,222,586,525,934
1460689434000_EXSc8TM5YD7wdnp4W-20160415-110700586.jpg,1440,1080,Venules,360,259,636,388
1460944186000_EXSc8TM5YD7wdnp4W-20160418-095236509.jpg,1440,1080,Optic-Disc,559,217,794,438
1460944186000_EXSc8TM5YD7wdnp4W-20160418-095236509.jpg,1440,1080,Exudates,1151,165,1242,266
1460944186000_EXSc8TM5YD7wdnp4W-20160418-095236509.jpg,1440,1080,Exudates,1169,471,1207,556
1460944186000_EXSc8TM5YD7wdnp4W-20160418-095236509.jpg,1440,1080,Venules,727,534,1090,857
1460944854000_EXSc8TM5YD7wdnp4W-20160418-100245914.jpg,1440,1080,Optic-Disc,1095,374,1281,611
1460944854000_EXSc8TM5YD7wdnp4W-20160418-100245914.jpg,1440,1080,Venules,869,36,1118,274
1460944854000_EXSc8TM5YD7wdnp4W-20160418-100245914.jpg,1440,1080,Venules,737,745,990,960
1460944854000_EXSc8TM5YD7wdnp4W-20160418-100245914.jpg,1440,1080,Arterioles,334,239,713,472
1460945643000_EXSc8TM5YD7wdnp4W-20160418-101439393.jpg,1440,1080,Optic-Disc,150,374,381,631
1460945643000_EXSc8TM5YD7wdnp4W-20160418-101439393.jpg,1440,1080,Hemorrhages,608,419,819,638
1460945643000_EXSc8TM5YD7wdnp4W-20160418-101439393.jpg,1440,1080,Venules,287,716,445,975
1460945643000_EXSc8TM5YD7wdnp4W-20160418-101439393.jpg,1440,1080,Venules,351,93,667,230
1460963668000_EXSc8TM5YD7wdnp4W-20160418-151749855.jpg,1440,1080,Hemorrhages,664,388,918,658
1460963668000_EXSc8TM5YD7wdnp4W-20160418-151749855.jpg,1440,1080,Optic-Disc,1136,358,1341,612
1460963668000_EXSc8TM5YD7wdnp4W-20160418-151749855.jpg,1440,1080,Venules,750,44,1140,225
1460963668000_EXSc8TM5YD7wdnp4W-20160418-151749855.jpg,1440,1080,Venules,984,701,1205,997
1460963669000_EXSc8TM5YD7wdnp4W-20160418-151710542.jpg,1440,1080,Optic-Disc,110,362,336,607
1460963669000_EXSc8TM5YD7wdnp4W-20160418-151710542.jpg,1440,1080,Venules,368,693,623,976
1460963669000_EXSc8TM5YD7wdnp4W-20160418-151710542.jpg,1440,1080,Venules,255,47,432,293
1460963986000_EXSc8TM5YD7wdnp4W-20160418-152355409.jpg,1440,1080,Optic-Disc,775,408,998,661
1460963986000_EXSc8TM5YD7wdnp4W-20160418-152355409.jpg,1440,1080,Venules,600,729,819,1021
1460963986000_EXSc8TM5YD7wdnp4W-20160418-152355409.jpg,1440,1080,Hemorrhages,287,424,614,665
1460963986000_EXSc8TM5YD7wdnp4W-20160418-152355409.jpg,1440,1080,Venules,594,85,796,272
1460966459000_EXSc8TM5YD7wdnp4W-20160418-160330526.jpg,1440,1080,Optic-Disc,172,416,362,612
1460966459000_EXSc8TM5YD7wdnp4W-20160418-160330526.jpg,1440,1080,Exudates,536,845,1177,1013
1460966459000_EXSc8TM5YD7wdnp4W-20160418-160330526.jpg,1440,1080,Venules,296,112,682,306
1460966685000_EXSc8TM5YD7wdnp4W-20160418-160634795.jpg,1440,1080,Optic-Disc,1119,351,1336,620
1460966685000_EXSc8TM5YD7wdnp4W-20160418-160634795.jpg,1440,1080,Venules,632,36,1085,208
1460966685000_EXSc8TM5YD7wdnp4W-20160418-160634795.jpg,1440,1080,Arterioles,263,225,645,495
1460966685000_EXSc8TM5YD7wdnp4W-20160418-160634795.jpg,1440,1080,Arterioles,375,586,741,838
1460966685000_EXSc8TM5YD7wdnp4W-20160418-160634795.jpg,1440,1080,Venules,1134,626,1214,879
1460966685000_EXSc8TM5YD7wdnp4W-20160418-160711145.jpg,1440,1080,Optic-Disc,144,394,381,627
1460966685000_EXSc8TM5YD7wdnp4W-20160418-160711145.jpg,1440,1080,Hemorrhages,619,402,830,645
1460966685000_EXSc8TM5YD7wdnp4W-20160418-160711145.jpg,1440,1080,Venules,250,690,387,971
1460966685000_EXSc8TM5YD7wdnp4W-20160418-160711145.jpg,1440,1080,Venules,345,93,880,174
1460966685000_EXSc8TM5YD7wdnp4W-20160418-160711145.jpg,1440,1080,Arterioles,904,643,1217,894
1460967062000_EXSc8TM5YD7wdnp4W-20160418-161358158.jpg,1440,1080,Optic-Disc,101,299,278,497
1460967062000_EXSc8TM5YD7wdnp4W-20160418-161358158.jpg,1440,1080,Venules,221,611,891,1026
1460967062000_EXSc8TM5YD7wdnp4W-20160418-161358158.jpg,1440,1080,Hemorrhages,587,401,839,589
1460967206000_EXSc8TM5YD7wdnp4W-20160418-161714802.jpg,1440,1080,Optic-Disc,130,343,345,579
1460967206000_EXSc8TM5YD7wdnp4W-20160418-161714802.jpg,1440,1080,Venules,291,784,519,975
1461072141000_947_20160419_114646.jpg,2560,1920,Optic-Disc,1784,522,2082,878
1461072141000_947_20160419_114646.jpg,2560,1920,Exudates,728,1125,968,1292
1461072141000_947_20160419_114646.jpg,2560,1920,Exudates,173,957,314,1227
1461072141000_947_20160419_114646.jpg,2560,1920,Exudates,352,583,545,783
1461072141000_947_20160419_114646.jpg,2560,1920,Venules,1528,1152,2095,1571
1460968703000_EXSc8TM5YD7wdnp4W-20160418-164155668.jpg,1440,1080,Exudates,386,485,551,674
1460968703000_EXSc8TM5YD7wdnp4W-20160418-164155668.jpg,1440,1080,Optic-Disc,1213,365,1371,647
1460968703000_EXSc8TM5YD7wdnp4W-20160418-164155668.jpg,1440,1080,Venules,1017,57,1262,303
1460968879000_EXSc8TM5YD7wdnp4W-20160418-164501854.jpg,1440,1080,Optic-Disc,159,444,314,639
1460968879000_EXSc8TM5YD7wdnp4W-20160418-164501854.jpg,1440,1080,Exudates,505,172,668,465
1460968879000_EXSc8TM5YD7wdnp4W-20160418-164501854.jpg,1440,1080,Exudates,689,83,867,176
1460968879000_EXSc8TM5YD7wdnp4W-20160418-164501854.jpg,1440,1080,Exudates,814,220,945,407
1460968879000_EXSc8TM5YD7wdnp4W-20160418-164501854.jpg,1440,1080,Exudates,728,431,831,583
1460968879000_EXSc8TM5YD7wdnp4W-20160418-164501854.jpg,1440,1080,Venules,327,748,519,940
1460968879000_EXSc8TM5YD7wdnp4W-20160418-164501854.jpg,1440,1080,Venules,240,171,315,408
1460973915000_EXSc8TM5YD7wdnp4W-20160418-180817329.jpg,1440,1080,Optic-Disc,632,425,821,644
1460973915000_EXSc8TM5YD7wdnp4W-20160418-180817329.jpg,1440,1080,Venules,786,162,1001,431
1460973915000_EXSc8TM5YD7wdnp4W-20160418-180817329.jpg,1440,1080,Venules,726,822,905,1038
1460973915000_EXSc8TM5YD7wdnp4W-20160418-180817329.jpg,1440,1080,Hemorrhages,1195,554,1298,695
1461025855000_EXSc8TM5YD7wdnp4W-20160419-083454920.jpg,1440,1080,Optic-Disc,951,531,1131,798
1461025855000_EXSc8TM5YD7wdnp4W-20160419-083454920.jpg,1440,1080,Venules,539,186,941,426
1461029510000_EXSc8TM5YD7wdnp4W-20160419-093516604.jpg,1440,1080,Optic-Disc,119,410,286,615
1461029510000_EXSc8TM5YD7wdnp4W-20160419-093516604.jpg,1440,1080,Hemorrhages,599,513,791,662
1461029510000_EXSc8TM5YD7wdnp4W-20160419-093516604.jpg,1440,1080,Venules,244,101,409,388
1461029510000_EXSc8TM5YD7wdnp4W-20160419-093516604.jpg,1440,1080,Venules,348,927,786,1057
1461029510000_EXSc8TM5YD7wdnp4W-20160419-093606481.jpg,1440,1080,Hemorrhages,568,547,750,724
1461029510000_EXSc8TM5YD7wdnp4W-20160419-093606481.jpg,1440,1080,Optic-Disc,1080,433,1257,608
1461029510000_EXSc8TM5YD7wdnp4W-20160419-093606481.jpg,1440,1080,Venules,553,238,941,320
1461029510000_EXSc8TM5YD7wdnp4W-20160419-093606481.jpg,1440,1080,Venules,946,784,1167,1025
1461029510000_EXSc8TM5YD7wdnp4W-20160419-093606481.jpg,1440,1080,Arterioles,254,312,507,508
1461029510000_EXSc8TM5YD7wdnp4W-20160419-093606481.jpg,1440,1080,Arterioles,404,747,627,910
1461052245000_EXSc8TM5YD7wdnp4W-20160419-155311214.jpg,1440,1080,Optic-Disc,164,347,357,560
1461052245000_EXSc8TM5YD7wdnp4W-20160419-155311214.jpg,1440,1080,Venules,312,631,517,886
1461052245000_EXSc8TM5YD7wdnp4W-20160419-155311214.jpg,1440,1080,Hemorrhages,636,412,825,631
1461052245000_EXSc8TM5YD7wdnp4W-20160419-155311214.jpg,1440,1080,Venules,254,43,549,265
1461059509000_EXSc8TM5YD7wdnp4W-20160419-175558027.jpg,1440,1080,Optic-Disc,942,469,1164,692
1461059509000_EXSc8TM5YD7wdnp4W-20160419-175558027.jpg,1440,1080,Exudates,135,607,335,751
1461059509000_EXSc8TM5YD7wdnp4W-20160419-175558027.jpg,1440,1080,Exudates,1175,190,1232,298
1461059509000_EXSc8TM5YD7wdnp4W-20160419-175558027.jpg,1440,1080,Venules,748,56,1008,366
1461059509000_EXSc8TM5YD7wdnp4W-20160419-175558027.jpg,1440,1080,Arterioles,449,299,704,530
1461113374000_EXSc8TM5YD7wdnp4W-20160420-085227950.jpg,1440,1080,Optic-Disc,151,379,339,617
1461113374000_EXSc8TM5YD7wdnp4W-20160420-085227950.jpg,1440,1080,Exudates,646,463,739,548
1461113374000_EXSc8TM5YD7wdnp4W-20160420-085227950.jpg,1440,1080,Exudates,859,377,957,476
1461113374000_EXSc8TM5YD7wdnp4W-20160420-085227950.jpg,1440,1080,Venules,294,119,448,359
1461113374000_EXSc8TM5YD7wdnp4W-20160420-085227950.jpg,1440,1080,Venules,449,754,691,902
1461114786000_EXSc8TM5YD7wdnp4W-20160420-091620207.jpg,1440,1080,Optic-Disc,128,384,327,627
1461114786000_EXSc8TM5YD7wdnp4W-20160420-091620207.jpg,1440,1080,Hemorrhages,596,436,762,660
1461114786000_EXSc8TM5YD7wdnp4W-20160420-091620207.jpg,1440,1080,Venules,305,711,645,997
1461114786000_EXSc8TM5YD7wdnp4W-20160420-091620207.jpg,1440,1080,Venules,260,71,478,274
1461140109000_EXSc8TM5YD7wdnp4W-20160420-161820837.jpg,1440,1080,Optic-Disc,134,388,339,621
1461140109000_EXSc8TM5YD7wdnp4W-20160420-161820837.jpg,1440,1080,Exudates,613,263,745,426
1461140109000_EXSc8TM5YD7wdnp4W-20160420-161820837.jpg,1440,1080,Hemorrhages,587,511,803,675
1461140109000_EXSc8TM5YD7wdnp4W-20160420-161820837.jpg,1440,1080,Venules,164,160,260,361
1461140109000_EXSc8TM5YD7wdnp4W-20160420-161820837.jpg,1440,1080,Venules,389,761,680,865
191a917ce7e19a3339c6aee9dbcdb72b.jpg,1440,1080,Optic-Disc,1073,397,1249,613
191a917ce7e19a3339c6aee9dbcdb72b.jpg,1440,1080,Venules,892,144,1090,329
1cd112b672d176f4d450193053609405.jpg,1440,1080,Optic-Disc,213,556,386,749
1cd112b672d176f4d450193053609405.jpg,1440,1080,Exudates,695,642,781,692
1cd112b672d176f4d450193053609405.jpg,1440,1080,Exudates,853,513,894,576
1cd112b672d176f4d450193053609405.jpg,1440,1080,Exudates,926,747,1058,821
1cd112b672d176f4d450193053609405.jpg,1440,1080,Exudates,903,263,966,370
1cd112b672d176f4d450193053609405.jpg,1440,1080,Microaneurysms,687,708,781,758
1cd112b672d176f4d450193053609405.jpg,1440,1080,Microaneurysms,1048,295,1113,375
1cd112b672d176f4d450193053609405.jpg,1440,1080,Venules,335,226,503,404
1cd112b672d176f4d450193053609405.jpg,1440,1080,Microaneurysms,871,630,964,689
1de032f2e614b0cb67930c3f0c420bd5.jpg,1440,1080,Optic-Disc,280,412,435,615
1de032f2e614b0cb67930c3f0c420bd5.jpg,1440,1080,Venules,313,653,357,865
1de032f2e614b0cb67930c3f0c420bd5.jpg,1440,1080,Venules,401,143,492,380
1f79d0e3f2fe390bd4de74e796c13853.jpg,1440,1080,Optic-Disc,227,371,408,548
1f79d0e3f2fe390bd4de74e796c13853.jpg,1440,1080,Hemorrhages,641,427,799,604
1f79d0e3f2fe390bd4de74e796c13853.jpg,1440,1080,Venules,422,176,682,297
1f79d0e3f2fe390bd4de74e796c13853.jpg,1440,1080,Exudates,960,153,1057,249
1f79d0e3f2fe390bd4de74e796c13853.jpg,1440,1080,Microaneurysms,462,786,492,833
1f8888148a2dd04fd7855f9f9f48bc32.jpg,1440,1080,Optic-Disc,262,313,477,506
1f8888148a2dd04fd7855f9f9f48bc32.jpg,1440,1080,Hemorrhages,749,403,849,540
1f8888148a2dd04fd7855f9f9f48bc32.jpg,1440,1080,Exudates,895,511,1028,624
1f8888148a2dd04fd7855f9f9f48bc32.jpg,1440,1080,Exudates,1180,374,1228,419
1f8888148a2dd04fd7855f9f9f48bc32.jpg,1440,1080,Microaneurysms,1071,508,1164,557
1f8d90423aa2b59c434d959408d4122c.jpg,1440,1080,Hemorrhages,477,549,654,722
1f8d90423aa2b59c434d959408d4122c.jpg,1440,1080,Optic-Disc,885,453,1042,651
1f8d90423aa2b59c434d959408d4122c.jpg,1440,1080,Venules,895,701,987,1011
1f8d90423aa2b59c434d959408d4122c.jpg,1440,1080,Venules,791,158,939,425
1fd1e9e86041bb466743f4209150624d.jpg,2592,1944,Optic-Disc,1979,702,2270,1125
1fd1e9e86041bb466743f4209150624d.jpg,2592,1944,Hemorrhages,1219,981,1489,1216
1fd1e9e86041bb466743f4209150624d.jpg,2592,1944,Venules,919,278,1879,539
1fd1e9e86041bb466743f4209150624d.jpg,2592,1944,Venules,1119,1602,1628,1864
2340a8fcb7117d7f31beb9f8b8995739.jpg,1440,1080,Optic-Disc,1057,367,1241,606
2340a8fcb7117d7f31beb9f8b8995739.jpg,1440,1080,Microaneurysms,573,167,659,245
2340a8fcb7117d7f31beb9f8b8995739.jpg,1440,1080,Exudates,358,594,467,663
2340a8fcb7117d7f31beb9f8b8995739.jpg,1440,1080,Exudates,878,584,953,681
2340a8fcb7117d7f31beb9f8b8995739.jpg,1440,1080,Microaneurysms,460,348,513,402
2340a8fcb7117d7f31beb9f8b8995739.jpg,1440,1080,Exudates,1126,715,1180,784
2340a8fcb7117d7f31beb9f8b8995739.jpg,1440,1080,Venules,1013,133,1128,338
2340a8fcb7117d7f31beb9f8b8995739.jpg,1440,1080,Venules,695,803,949,860
2340a8fcb7117d7f31beb9f8b8995739.jpg,1440,1080,Exudates,500,606,555,663
2675bede8883f70c2ab4613402c17383.jpg,1440,1080,Optic-Disc,196,385,358,569
2675bede8883f70c2ab4613402c17383.jpg,1440,1080,Exudates,837,352,894,471
2675bede8883f70c2ab4613402c17383.jpg,1440,1080,Microaneurysms,795,120,863,176
2675bede8883f70c2ab4613402c17383.jpg,1440,1080,Microaneurysms,909,813,967,902
2675bede8883f70c2ab4613402c17383.jpg,1440,1080,Microaneurysms,958,269,1040,322
2675bede8883f70c2ab4613402c17383.jpg,1440,1080,Exudates,703,304,784,388
2675bede8883f70c2ab4613402c17383.jpg,1440,1080,Venules,343,143,646,235
27d9c0b27de67dd5ed072a6d8a055ac6.jpg,1440,1080,Optic-Disc,275,515,457,674
27d9c0b27de67dd5ed072a6d8a055ac6.jpg,1440,1080,Microaneurysms,184,488,234,620
27d9c0b27de67dd5ed072a6d8a055ac6.jpg,1440,1080,Hemorrhages,731,599,814,680
27d9c0b27de67dd5ed072a6d8a055ac6.jpg,1440,1080,Venules,464,189,646,283
27d9c0b27de67dd5ed072a6d8a055ac6.jpg,1440,1080,Venules,480,817,586,1003
27d9c0b27de67dd5ed072a6d8a055ac6.jpg,1440,1080,Exudates,1023,580,1109,692
2ac23027e28af28082757772fa421039.jpg,1440,1080,Optic-Disc,1066,398,1226,590
2ac23027e28af28082757772fa421039.jpg,1440,1080,Hemorrhages,699,425,844,561
2ac23027e28af28082757772fa421039.jpg,1440,1080,Venules,718,765,1022,939
2ac23027e28af28082757772fa421039.jpg,1440,1080,Venules,896,120,1125,325
2afc8966d1a3292e54d2152fc2ec52b2.jpg,1440,1080,He,634,452,805,635
2afc8966d1a3292e54d2152fc2ec52b2.jpg,1440,1080,Optic-Disc,1040,415,1217,635
2afc8966d1a3292e54d2152fc2ec52b2.jpg,1440,1080,Venules,725,811,980,980
2afc8966d1a3292e54d2152fc2ec52b2.jpg,1440,1080,Venules,968,156,1148,369
2afc8966d1a3292e54d2152fc2ec52b2.jpg,1440,1080,Arterioles,394,504,585,697
2b49c3f3ec73de83864d8547c0d7318b.jpg,1440,1080,Optic-Disc,1099,433,1266,639
2b49c3f3ec73de83864d8547c0d7318b.jpg,1440,1080,Hemorrhages,646,504,834,640
2b49c3f3ec73de83864d8547c0d7318b.jpg,1440,1080,Venules,914,119,1113,397
2b49c3f3ec73de83864d8547c0d7318b.jpg,1440,1080,Venules,907,708,1121,906
2fe2717b654a2bb0e3826da8f9722cb4.jpg,1440,1080,Optic-Disc,219,371,366,545
2fe2717b654a2bb0e3826da8f9722cb4.jpg,1440,1080,Venules,460,630,680,843
2fe2717b654a2bb0e3826da8f9722cb4.jpg,1440,1080,Venules,328,161,630,267
2fece298a6134803d3254bc15e9933b3.jpg,1440,1080,Optic-Disc,212,381,391,577
2fece298a6134803d3254bc15e9933b3.jpg,1440,1080,Venules,348,169,599,295
2fece298a6134803d3254bc15e9933b3.jpg,1440,1080,Hemorrhages,686,493,791,571
2fece298a6134803d3254bc15e9933b3.jpg,1440,1080,Venules,432,686,641,948
2fece298a6134803d3254bc15e9933b3.jpg,1440,1080,Arterioles,827,603,1040,867
382ce271aadfcfda285a7766cdadb24b.jpg,1440,1080,Exudates,199,422,369,611
382ce271aadfcfda285a7766cdadb24b.jpg,1440,1080,Exudates,238,261,305,410
382ce271aadfcfda285a7766cdadb24b.jpg,1440,1080,Optic-Disc,745,434,880,581
382ce271aadfcfda285a7766cdadb24b.jpg,1440,1080,Venules,469,661,718,930
382ce271aadfcfda285a7766cdadb24b.jpg,1440,1080,Venules,531,186,830,340
3a7af9c1fe7020ac1eb3c045b3091621.jpg,1440,1080,Microaneurysms,599,362,639,419
3a7af9c1fe7020ac1eb3c045b3091621.jpg,1440,1080,Hemorrhages,677,548,795,645
3a7af9c1fe7020ac1eb3c045b3091621.jpg,1440,1080,Optic-Disc,1082,401,1242,567
3a7af9c1fe7020ac1eb3c045b3091621.jpg,1440,1080,Venules,700,93,951,194
3a7af9c1fe7020ac1eb3c045b3091621.jpg,1440,1080,Arterioles,566,693,723,907
3a7af9c1fe7020ac1eb3c045b3091621.jpg,1440,1080,Venules,995,661,1126,819
3b35ae7760329af9ac35f69112ab4fe1.jpg,1440,1080,Optic-Disc,323,411,480,590
3b35ae7760329af9ac35f69112ab4fe1.jpg,1440,1080,Venules,412,97,527,329
3b35ae7760329af9ac35f69112ab4fe1.jpg,1440,1080,Microaneurysms,919,344,981,420
3b35ae7760329af9ac35f69112ab4fe1.jpg,1440,1080,Microaneurysms,850,131,1018,251
3b35ae7760329af9ac35f69112ab4fe1.jpg,1440,1080,Venules,432,710,551,933
3b35ae7760329af9ac35f69112ab4fe1.jpg,1440,1080,Arterioles,848,602,1131,794
3b35ae7760329af9ac35f69112ab4fe1.jpg,1440,1080,Microaneurysms,662,203,808,310
4c17223f21353c950db7ebcd411a1693.jpg,1440,1080,Hemorrhages,300,449,451,613
4c17223f21353c950db7ebcd411a1693.jpg,1440,1080,Optic-Disc,713,380,880,598
4c17223f21353c950db7ebcd411a1693.jpg,1440,1080,Venules,819,612,936,781
4c17223f21353c950db7ebcd411a1693.jpg,1440,1080,Venules,595,158,901,345
4c17223f21353c950db7ebcd411a1693.jpg,1440,1080,Arterioles,323,242,516,363
4c17223f21353c950db7ebcd411a1693.jpg,1440,1080,Arterioles,342,698,541,903
502012437f271260c9f2d19943524501.jpg,1440,1080,Optic-Disc,1062,566,1217,740
502012437f271260c9f2d19943524501.jpg,1440,1080,Venules,805,206,1082,430
502012437f271260c9f2d19943524501.jpg,1440,1080,Microaneurysms,364,349,448,438
502012437f271260c9f2d19943524501.jpg,1440,1080,Microaneurysms,718,811,960,997
502012437f271260c9f2d19943524501.jpg,1440,1080,Microaneurysms,539,717,622,767
502012437f271260c9f2d19943524501.jpg,1440,1080,Microaneurysms,536,244,595,302
502012437f271260c9f2d19943524501.jpg,1440,1080,Microaneurysms,703,322,785,401
502012437f271260c9f2d19943524501.jpg,1440,1080,Microaneurysms,899,466,1046,725
5d69dfbfcead12f081891d57d43f224d.jpg,1440,1080,Optic-Disc,255,356,435,553
5d69dfbfcead12f081891d57d43f224d.jpg,1440,1080,Hemorrhages,645,417,775,621
5d69dfbfcead12f081891d57d43f224d.jpg,1440,1080,Microaneurysms,984,281,1076,413
5d69dfbfcead12f081891d57d43f224d.jpg,1440,1080,Microaneurysms,1146,494,1209,624
5d69dfbfcead12f081891d57d43f224d.jpg,1440,1080,Microaneurysms,822,788,909,889
5d69dfbfcead12f081891d57d43f224d.jpg,1440,1080,Exudates,782,475,834,551
5d69dfbfcead12f081891d57d43f224d.jpg,1440,1080,Exudates,866,442,910,503
5d69dfbfcead12f081891d57d43f224d.jpg,1440,1080,Venules,620,104,801,222
5d8981072826ae2730a4609eb6b3c79e.jpg,1440,1080,Optic-Disc,235,320,400,508
5d8981072826ae2730a4609eb6b3c79e.jpg,1440,1080,Venules,308,549,481,710
5d8981072826ae2730a4609eb6b3c79e.jpg,1440,1080,Venules,348,158,414,285
5d8981072826ae2730a4609eb6b3c79e.jpg,1440,1080,Arterioles,651,190,962,345
5d8981072826ae2730a4609eb6b3c79e.jpg,1440,1080,Arterioles,840,607,1096,811
6b1850864cfa7524d38a583cc0b4dd28.jpg,1440,1080,Optic-Disc,219,372,419,569
6b1850864cfa7524d38a583cc0b4dd28.jpg,1440,1080,Hemorrhages,659,439,840,602
6b1850864cfa7524d38a583cc0b4dd28.jpg,1440,1080,Microaneurysms,1110,666,1198,733
6b1850864cfa7524d38a583cc0b4dd28.jpg,1440,1080,Venules,327,184,414,339
6b1850864cfa7524d38a583cc0b4dd28.jpg,1440,1080,Venules,403,670,594,848
6b1850864cfa7524d38a583cc0b4dd28.jpg,1440,1080,Arterioles,923,174,1172,415
6d3aacd359f1f731987e75d621e26bbb.jpg,1440,1080,Optic-Disc,458,353,673,558
6d3aacd359f1f731987e75d621e26bbb.jpg,1440,1080,Venules,546,576,801,684
6d3aacd359f1f731987e75d621e26bbb.jpg,1440,1080,Exudates,827,735,921,811
6d3aacd359f1f731987e75d621e26bbb.jpg,1440,1080,Venules,527,201,751,325
6d3aacd359f1f731987e75d621e26bbb.jpg,1440,1080,Hemorrhages,968,466,1119,585
6f5357571fa39480cf40d759e74ae736.jpg,1440,1080,Optic-Disc,1063,413,1240,654
6f5357571fa39480cf40d759e74ae736.jpg,1440,1080,Arterioles,523,165,821,497
6f5357571fa39480cf40d759e74ae736.jpg,1440,1080,Hemorrhages,645,536,812,651
6f5357571fa39480cf40d759e74ae736.jpg,1440,1080,Arterioles,445,661,780,921
6f5357571fa39480cf40d759e74ae736.jpg,1440,1080,Venules,873,748,998,938
7512133e5d1548b1ca6e6b3fc86034da.jpg,1440,1080,Optic-Disc,1069,443,1241,626
7512133e5d1548b1ca6e6b3fc86034da.jpg,1440,1080,Venules,909,207,1153,384
7512133e5d1548b1ca6e6b3fc86034da.jpg,1440,1080,Arterioles,405,613,645,817
7512133e5d1548b1ca6e6b3fc86034da.jpg,1440,1080,Arterioles,516,277,718,485
7512133e5d1548b1ca6e6b3fc86034da.jpg,1440,1080,Venules,1082,655,1151,775
76c569e9bbe8251cf038e6ec75599c25.jpg,1440,1080,Exudates,190,345,383,613
76c569e9bbe8251cf038e6ec75599c25.jpg,1440,1080,Optic-Disc,810,462,946,658
76c569e9bbe8251cf038e6ec75599c25.jpg,1440,1080,Hemorrhages,408,562,525,686
76c569e9bbe8251cf038e6ec75599c25.jpg,1440,1080,Exudates,473,188,612,356
76c569e9bbe8251cf038e6ec75599c25.jpg,1440,1080,Venules,664,101,848,240
76c569e9bbe8251cf038e6ec75599c25.jpg,1440,1080,Venules,773,748,891,1021
76c569e9bbe8251cf038e6ec75599c25.jpg,1440,1080,Exudates,1131,450,1237,604
77a1733813eb4db36263acc73ed06f36.jpg,1440,1080,Optic-Disc,588,557,735,711
77a1733813eb4db36263acc73ed06f36.jpg,1440,1080,Exudates,651,344,689,424
77a1733813eb4db36263acc73ed06f36.jpg,1440,1080,Venules,636,462,671,548
77a1733813eb4db36263acc73ed06f36.jpg,1440,1080,Arterioles,882,351,1116,557
78f0c2a905a16f81ca1795105268ba6f.jpg,1440,1080,Optic-Disc,1031,347,1250,529
78f0c2a905a16f81ca1795105268ba6f.jpg,1440,1080,Arterioles,518,658,785,853
78f0c2a905a16f81ca1795105268ba6f.jpg,1440,1080,Venules,859,95,1084,297
78f0c2a905a16f81ca1795105268ba6f.jpg,1440,1080,Venules,949,622,1080,798
78f0c2a905a16f81ca1795105268ba6f.jpg,1440,1080,Arterioles,468,221,784,371
7cc4e0324348e9942e2c8ed6b1a2caca.jpg,2592,1944,Optic-Disc,1984,653,2265,1060
7cc4e0324348e9942e2c8ed6b1a2caca.jpg,2592,1944,Arterioles,663,423,1472,857
7cc4e0324348e9942e2c8ed6b1a2caca.jpg,2592,1944,Hemorrhages,1235,892,1521,1118
7cc4e0324348e9942e2c8ed6b1a2caca.jpg,2592,1944,Venules,1130,1648,1728,1850
7cc4e0324348e9942e2c8ed6b1a2caca.jpg,2592,1944,Venules,1602,257,1995,553
7d3544970c9a22c24dee54f7f405addb.jpg,1440,1080,Optic-Disc,763,583,940,765
7d3544970c9a22c24dee54f7f405addb.jpg,1440,1080,Hemorrhages,359,561,537,694
7d3544970c9a22c24dee54f7f405addb.jpg,1440,1080,Venules,662,366,862,527
7d3544970c9a22c24dee54f7f405addb.jpg,1440,1080,Venules,507,822,751,883
7da0957e7f524720837bc034d19c996b.jpg,1440,1080,Optic-Disc,575,398,792,597
7da0957e7f524720837bc034d19c996b.jpg,1440,1080,Hemorrhages,1051,472,1195,613
7da0957e7f524720837bc034d19c996b.jpg,1440,1080,Venules,650,666,885,866
7da0957e7f524720837bc034d19c996b.jpg,1440,1080,Venules,722,192,916,381
85b7c7b49902e626d365dff81a6d30aa.jpg,1440,1080,Optic-Disc,1086,353,1257,598
85b7c7b49902e626d365dff81a6d30aa.jpg,1440,1080,Venules,922,647,1094,819
85b7c7b49902e626d365dff81a6d30aa.jpg,1440,1080,Hemorrhages,544,429,848,619
85b7c7b49902e626d365dff81a6d30aa.jpg,1440,1080,Arterioles,368,113,816,274
85b7c7b49902e626d365dff81a6d30aa.jpg,1440,1080,Arterioles,398,633,700,876
85bd4a25058c76bc020553ac5a6fbd97.jpg,1440,1080,Optic-Disc,194,457,403,636
85bd4a25058c76bc020553ac5a6fbd97.jpg,1440,1080,Venules,262,251,390,441
85bd4a25058c76bc020553ac5a6fbd97.jpg,1440,1080,Arterioles,648,281,894,508
85bd4a25058c76bc020553ac5a6fbd97.jpg,1440,1080,Arterioles,792,676,1086,856
85bd4a25058c76bc020553ac5a6fbd97.jpg,1440,1080,Hemorrhages,608,561,784,681
85bd4a25058c76bc020553ac5a6fbd97.jpg,1440,1080,Venules,522,815,731,970
86a49d96b755d4ae6f346e1c99bf2352.jpg,1440,1080,Optic-Disc,484,325,673,503
86a49d96b755d4ae6f346e1c99bf2352.jpg,1440,1080,Hemorrhages,936,431,1098,558
86a49d96b755d4ae6f346e1c99bf2352.jpg,1440,1080,Venules,617,85,872,242
86a49d96b755d4ae6f346e1c99bf2352.jpg,1440,1080,Venules,617,669,841,866
86a49d96b755d4ae6f346e1c99bf2352.jpg,1440,1080,Arterioles,1014,143,1130,420
86a49d96b755d4ae6f346e1c99bf2352.jpg,1440,1080,Arterioles,880,594,1039,721
86a97f59ccf1483ba12915911850d096.jpg,1440,1080,Optic-Disc,680,339,894,556
86a97f59ccf1483ba12915911850d096.jpg,1440,1080,Hemorrhages,253,375,466,611
86a97f59ccf1483ba12915911850d096.jpg,1440,1080,Arterioles,427,686,669,901
86a97f59ccf1483ba12915911850d096.jpg,1440,1080,Venules,560,80,804,277
86a97f59ccf1483ba12915911850d096.jpg,1440,1080,Arterioles,989,538,1146,843
8a3421a9d0b02d0e83a3e6e9ccb23396.jpg,1440,1080,Optic-Disc,218,438,414,592
8a3421a9d0b02d0e83a3e6e9ccb23396.jpg,1440,1080,Venules,264,270,495,410
8a3421a9d0b02d0e83a3e6e9ccb23396.jpg,1440,1080,Venules,327,674,507,952
8a3421a9d0b02d0e83a3e6e9ccb23396.jpg,1440,1080,Arterioles,601,747,956,920
8a3421a9d0b02d0e83a3e6e9ccb23396.jpg,1440,1080,Arterioles,613,322,942,513
8df723a9245c59527f7d508a63c4b6fa.jpg,1440,1080,Optic-Disc,192,416,346,610
8df723a9245c59527f7d508a63c4b6fa.jpg,1440,1080,Venules,251,244,347,362
8df723a9245c59527f7d508a63c4b6fa.jpg,1440,1080,Arterioles,671,316,1058,512
8df723a9245c59527f7d508a63c4b6fa.jpg,1440,1080,Hemorrhages,525,521,751,651
8df723a9245c59527f7d508a63c4b6fa.jpg,1440,1080,Arterioles,525,710,917,886
8e542b6d2486b17b6092c504f721747c.jpg,1440,1080,Optic-Disc,213,404,378,589
8e542b6d2486b17b6092c504f721747c.jpg,1440,1080,Venules,253,613,494,821
8e542b6d2486b17b6092c504f721747c.jpg,1440,1080,Venules,257,251,513,394
8e542b6d2486b17b6092c504f721747c.jpg,1440,1080,Arterioles,613,256,1016,498
8e542b6d2486b17b6092c504f721747c.jpg,1440,1080,Arterioles,673,660,1030,847
8e61f923094df25f82932822c863ce9a.jpg,1440,1080,Optic-Disc,196,404,390,581
8e61f923094df25f82932822c863ce9a.jpg,1440,1080,Venules,418,669,734,921
8e61f923094df25f82932822c863ce9a.jpg,1440,1080,Arterioles,830,385,1169,547
8e61f923094df25f82932822c863ce9a.jpg,1440,1080,Arterioles,890,606,1164,803
8e61f923094df25f82932822c863ce9a.jpg,1440,1080,Venules,344,180,577,334
8f5c9dee88b2ac3964ad30c4899d2fc6.jpg,1440,1080,Optic-Disc,1095,433,1264,622
8f5c9dee88b2ac3964ad30c4899d2fc6.jpg,1440,1080,Venules,750,249,1177,403
8f5c9dee88b2ac3964ad30c4899d2fc6.jpg,1440,1080,Arterioles,248,290,567,575
8f5c9dee88b2ac3964ad30c4899d2fc6.jpg,1440,1080,Arterioles,386,686,834,902
8f5c9dee88b2ac3964ad30c4899d2fc6.jpg,1440,1080,Venules,950,820,1148,921
8f5c9dee88b2ac3964ad30c4899d2fc6.jpg,1440,1080,Hemorrhages,618,453,857,629
8fc8deff7209884b5a007b90900d3e61.jpg,1440,1080,Optic-Disc,755,292,931,479
8fc8deff7209884b5a007b90900d3e61.jpg,1440,1080,Exudates,417,113,610,208
8fc8deff7209884b5a007b90900d3e61.jpg,1440,1080,Exudates,412,549,551,697
8fc8deff7209884b5a007b90900d3e61.jpg,1440,1080,Microaneurysms,1051,356,1109,427
8fc8deff7209884b5a007b90900d3e61.jpg,1440,1080,Exudates,836,825,889,906
8fc8deff7209884b5a007b90900d3e61.jpg,1440,1080,Venules,717,130,876,269
8fc8deff7209884b5a007b90900d3e61.jpg,1440,1080,Venules,808,536,912,704
93a579d34164f20a8429e96e70eda67b.jpg,1440,1080,Optic-Disc,554,615,709,748
93a579d34164f20a8429e96e70eda67b.jpg,1440,1080,Microaneurysms,384,379,496,490
93a579d34164f20a8429e96e70eda67b.jpg,1440,1080,Microaneurysms,590,239,642,419
93a579d34164f20a8429e96e70eda67b.jpg,1440,1080,Microaneurysms,582,866,635,992
93a579d34164f20a8429e96e70eda67b.jpg,1440,1080,Arterioles,363,165,551,358
93a579d34164f20a8429e96e70eda67b.jpg,1440,1080,Arterioles,1042,427,1219,608
93a579d34164f20a8429e96e70eda67b.jpg,1440,1080,Venules,717,452,909,543
93f16e2470f2734d86849e609be8ebf5.jpg,1440,1080,Optic-Disc,649,451,825,662
93f16e2470f2734d86849e609be8ebf5.jpg,1440,1080,Venules,663,176,751,443
93f16e2470f2734d86849e609be8ebf5.jpg,1440,1080,Exudates,784,69,875,139
93f16e2470f2734d86849e609be8ebf5.jpg,1440,1080,Venules,659,681,689,802
93f16e2470f2734d86849e609be8ebf5.jpg,1440,1080,Arterioles,399,185,590,436
93f16e2470f2734d86849e609be8ebf5.jpg,1440,1080,Arterioles,410,803,646,1001
95d47411a6d4d0acd38142ccc4665cc9.jpg,1440,1080,Optic-Disc,751,404,904,581
95d47411a6d4d0acd38142ccc4665cc9.jpg,1440,1080,Arterioles,489,762,675,1001
95d47411a6d4d0acd38142ccc4665cc9.jpg,1440,1080,Exudates,426,336,503,438
95d47411a6d4d0acd38142ccc4665cc9.jpg,1440,1080,Exudates,769,147,905,336
95d47411a6d4d0acd38142ccc4665cc9.jpg,1440,1080,Exudates,226,621,352,779
95f50c4e98a9f2ffcbb261dbc49051ed.jpg,1440,1080,Optic-Disc,219,287,376,496
95f50c4e98a9f2ffcbb261dbc49051ed.jpg,1440,1080,Venules,316,579,600,874
95f50c4e98a9f2ffcbb261dbc49051ed.jpg,1440,1080,Venules,323,133,377,280
95f50c4e98a9f2ffcbb261dbc49051ed.jpg,1440,1080,Arterioles,808,615,1059,980
9c60ad285df91625ec39d958b2be9cec.jpg,1440,1080,Optic-Disc,231,417,408,627
9c60ad285df91625ec39d958b2be9cec.jpg,1440,1080,Hemorrhages,630,453,818,631
9c60ad285df91625ec39d958b2be9cec.jpg,1440,1080,Arterioles,332,651,786,907
9c60ad285df91625ec39d958b2be9cec.jpg,1440,1080,Arterioles,335,124,581,301
9fc01b1683ffcfa2b6057f95b5446b35.jpg,1440,1080,Optic-Disc,1100,303,1248,517
9fc01b1683ffcfa2b6057f95b5446b35.jpg,1440,1080,Venules,878,58,1069,321
9fc01b1683ffcfa2b6057f95b5446b35.jpg,1440,1080,Hemorrhages,659,425,849,558
9fc01b1683ffcfa2b6057f95b5446b35.jpg,1440,1080,Arterioles,483,574,716,860
9fc01b1683ffcfa2b6057f95b5446b35.jpg,1440,1080,Venules,1105,523,1204,759
a1e5c8da8d65c8d12a457022a1ed72ba.jpg,1440,1080,Hemorrhages,275,562,418,694
a1e5c8da8d65c8d12a457022a1ed72ba.jpg,1440,1080,Optic-Disc,693,530,822,677
a1e5c8da8d65c8d12a457022a1ed72ba.jpg,1440,1080,Venules,708,735,907,944
a1e5c8da8d65c8d12a457022a1ed72ba.jpg,1440,1080,Venules,498,284,934,489
a1e5c8da8d65c8d12a457022a1ed72ba.jpg,1440,1080,Arterioles,421,789,642,944
a3dc44b7ea9dbaf299cdc452b1949170.jpg,1440,1080,Optic-Disc,1112,497,1247,668
a3dc44b7ea9dbaf299cdc452b1949170.jpg,1440,1080,Exudates,935,471,1073,619
a3dc44b7ea9dbaf299cdc452b1949170.jpg,1440,1080,Exudates,546,207,711,473
a3dc44b7ea9dbaf299cdc452b1949170.jpg,1440,1080,Exudates,723,430,869,577
a3dc44b7ea9dbaf299cdc452b1949170.jpg,1440,1080,Exudates,871,125,1035,244
a3dc44b7ea9dbaf299cdc452b1949170.jpg,1440,1080,Venules,896,265,1094,370
a3dc44b7ea9dbaf299cdc452b1949170.jpg,1440,1080,Venules,1040,744,1112,940
a3dc44b7ea9dbaf299cdc452b1949170.jpg,1440,1080,Arterioles,400,652,728,920
a52bb9ca47994bfbbc13042d35b2e7e7.jpg,1440,1080,Microaneurysms,789,76,880,142
a52bb9ca47994bfbbc13042d35b2e7e7.jpg,1440,1080,Optic-Disc,772,560,971,774
a52bb9ca47994bfbbc13042d35b2e7e7.jpg,1440,1080,Venules,823,812,1021,988
a52bb9ca47994bfbbc13042d35b2e7e7.jpg,1440,1080,Venules,580,272,895,490
a52bb9ca47994bfbbc13042d35b2e7e7.jpg,1440,1080,Hemorrhages,318,642,564,810
a52bb9ca47994bfbbc13042d35b2e7e7.jpg,1440,1080,Arterioles,959,385,1225,571
a61b91cefecfdeacdaa29e90d7762031.jpg,1440,1080,Optic-Disc,219,381,440,631
a61b91cefecfdeacdaa29e90d7762031.jpg,1440,1080,Venules,381,149,471,369
a61b91cefecfdeacdaa29e90d7762031.jpg,1440,1080,Venules,280,654,408,836
a61b91cefecfdeacdaa29e90d7762031.jpg,1440,1080,Arterioles,662,225,905,436
a61b91cefecfdeacdaa29e90d7762031.jpg,1440,1080,Hemorrhages,682,470,853,601
a61b91cefecfdeacdaa29e90d7762031.jpg,1440,1080,Arterioles,662,681,995,901
a74869eb8dfdabd56c738d601e37bfaa.jpg,1440,1080,Optic-Disc,1081,438,1242,638
a74869eb8dfdabd56c738d601e37bfaa.jpg,1440,1080,Arterioles,412,136,757,471
a74869eb8dfdabd56c738d601e37bfaa.jpg,1440,1080,Venules,1027,649,1161,794
a74869eb8dfdabd56c738d601e37bfaa.jpg,1440,1080,VB,953,251,1089,417
a74869eb8dfdabd56c738d601e37bfaa.jpg,1440,1080,Arterioles,284,531,546,781
a902e4fce4bfda45083c195a5edd8072.jpg,1440,1080,Optic-Disc,227,349,468,579
a902e4fce4bfda45083c195a5edd8072.jpg,1440,1080,Venules,341,188,581,313
a902e4fce4bfda45083c195a5edd8072.jpg,1440,1080,Hemorrhages,625,242,822,386
a902e4fce4bfda45083c195a5edd8072.jpg,1440,1080,Arterioles,675,777,1044,992
a903c70280ba44e825981bacca16932a.jpg,1440,1080,Optic-Disc,409,367,609,563
a903c70280ba44e825981bacca16932a.jpg,1440,1080,Venules,518,170,691,317
a903c70280ba44e825981bacca16932a.jpg,1440,1080,Venules,489,606,595,775
a903c70280ba44e825981bacca16932a.jpg,1440,1080,Microaneurysms,619,684,730,781
a903c70280ba44e825981bacca16932a.jpg,1440,1080,Hemorrhages,899,448,1054,613
a903c70280ba44e825981bacca16932a.jpg,1440,1080,Arterioles,981,208,1160,421
a91ce0b4dd3c7125709ab3fed5db1b09.jpg,1440,1080,Optic-Disc,1089,412,1252,629
a91ce0b4dd3c7125709ab3fed5db1b09.jpg,1440,1080,Venules,494,165,935,292
a91ce0b4dd3c7125709ab3fed5db1b09.jpg,1440,1080,Venules,1062,654,1176,845
a91ce0b4dd3c7125709ab3fed5db1b09.jpg,1440,1080,Arterioles,466,309,734,481
a91ce0b4dd3c7125709ab3fed5db1b09.jpg,1440,1080,Hemorrhages,621,501,872,648
a91ce0b4dd3c7125709ab3fed5db1b09.jpg,1440,1080,Arterioles,480,669,716,842
bd97571f377b2ff7fca3aed1b67139d7.jpg,1440,1080,Optic-Disc,208,349,395,545
bd97571f377b2ff7fca3aed1b67139d7.jpg,1440,1080,Venules,235,566,451,839
bd97571f377b2ff7fca3aed1b67139d7.jpg,1440,1080,Venules,282,182,446,332
bd97571f377b2ff7fca3aed1b67139d7.jpg,1440,1080,Arterioles,695,689,1023,954
bd97571f377b2ff7fca3aed1b67139d7.jpg,1440,1080,Hemorrhages,616,444,814,624
bd97571f377b2ff7fca3aed1b67139d7.jpg,1440,1080,Exudates,884,104,948,167
bd97571f377b2ff7fca3aed1b67139d7.jpg,1440,1080,Microaneurysms,1053,776,1108,831
bd97571f377b2ff7fca3aed1b67139d7.jpg,1440,1080,Microaneurysms,648,261,701,306
bd97571f377b2ff7fca3aed1b67139d7.jpg,1440,1080,Venules,836,303,1089,529
c3f8e2975f3ae1964954a4102006dfdb.jpg,1440,1080,Optic-Disc,1063,363,1258,606
c3f8e2975f3ae1964954a4102006dfdb.jpg,1440,1080,Exudates,454,412,551,495
c3f8e2975f3ae1964954a4102006dfdb.jpg,1440,1080,Exudates,371,392,418,439
c3f8e2975f3ae1964954a4102006dfdb.jpg,1440,1080,Exudates,628,156,804,293
c3f8e2975f3ae1964954a4102006dfdb.jpg,1440,1080,Venules,1154,658,1204,812
c3f8e2975f3ae1964954a4102006dfdb.jpg,1440,1080,Venules,927,219,1080,329
c3f8e2975f3ae1964954a4102006dfdb.jpg,1440,1080,Hemorrhages,673,458,864,656
c3f8e2975f3ae1964954a4102006dfdb.jpg,1440,1080,Arterioles,466,722,841,894
f06f0b645dfc6ca91e16fc52a4f8ccd2.jpg,1440,1080,Optic-Disc,225,422,396,598
f06f0b645dfc6ca91e16fc52a4f8ccd2.jpg,1440,1080,Venules,256,667,473,822
f06f0b645dfc6ca91e16fc52a4f8ccd2.jpg,1440,1080,Exudates,736,671,862,770
f06f0b645dfc6ca91e16fc52a4f8ccd2.jpg,1440,1080,Hemorrhages,631,553,748,634
f06f0b645dfc6ca91e16fc52a4f8ccd2.jpg,1440,1080,Exudates,764,529,860,593
f06f0b645dfc6ca91e16fc52a4f8ccd2.jpg,1440,1080,Exudates,1019,402,1118,494
f06f0b645dfc6ca91e16fc52a4f8ccd2.jpg,1440,1080,Microaneurysms,936,834,994,875
f06f0b645dfc6ca91e16fc52a4f8ccd2.jpg,1440,1080,Venules,336,267,572,358
f67d9d57fe4825546a4574712e2139f1.jpg,1440,1080,Optic-Disc,228,416,404,585
f67d9d57fe4825546a4574712e2139f1.jpg,1440,1080,Hemorrhages,644,460,830,634
f67d9d57fe4825546a4574712e2139f1.jpg,1440,1080,Exudates,680,652,818,752
f67d9d57fe4825546a4574712e2139f1.jpg,1440,1080,Exudates,359,708,405,748
f67d9d57fe4825546a4574712e2139f1.jpg,1440,1080,Venules,457,775,667,903
f67d9d57fe4825546a4574712e2139f1.jpg,1440,1080,Venules,351,170,458,336
f67d9d57fe4825546a4574712e2139f1.jpg,1440,1080,Arterioles,691,170,936,369
f67d9d57fe4825546a4574712e2139f1.jpg,1440,1080,Microaneurysms,1007,144,1077,219
fd55ecfc135d218fcc23fb2c1e0be7be.jpg,1440,1080,Exudates,458,51,563,217
fd55ecfc135d218fcc23fb2c1e0be7be.jpg,1440,1080,Exudates,317,366,531,489
fd55ecfc135d218fcc23fb2c1e0be7be.jpg,1440,1080,Optic-Disc,1060,342,1209,559
fd55ecfc135d218fcc23fb2c1e0be7be.jpg,1440,1080,Exudates,371,818,590,956
ffb45427c3c03b229bf4ac265cb89dac.jpg,1440,1080,Optic-Disc,235,422,396,589
ffb45427c3c03b229bf4ac265cb89dac.jpg,1440,1080,Venules,353,170,554,372
ffb45427c3c03b229bf4ac265cb89dac.jpg,1440,1080,Microaneurysms,596,929,654,979
ffb45427c3c03b229bf4ac265cb89dac.jpg,1440,1080,Microaneurysms,716,694,810,774
ffb45427c3c03b229bf4ac265cb89dac.jpg,1440,1080,Microaneurysms,573,317,669,408
ffb45427c3c03b229bf4ac265cb89dac.jpg,1440,1080,Venules,272,648,442,867
ffb45427c3c03b229bf4ac265cb89dac.jpg,1440,1080,Arterioles,827,181,1112,374
ffb45427c3c03b229bf4ac265cb89dac.jpg,1440,1080,Arterioles,901,572,1158,761
